,smiles,Predictions
0,ClCC(Cl)(Cl)Cl,-2.7302750000000033
1,CC(Cl)(Cl)Cl,-2.2657125
2,ClC(Cl)C(Cl)Cl,-2.6015625000000036
3,ClCC(Cl)Cl,-2.0063625000000016
4,FC(F)(Cl)C(F)(Cl)Cl,-3.0599374999999998
5,CC(Cl)Cl,-1.6187237499999985
6,ClC(=C)Cl,-1.7690612499999996
7,CCOC(C)OCC,-1.0616500000000009
8,Clc1ccc(Cl)c(Cl)c1Cl,-4.613380208333334
9,C1CCc2ccccc2C1,-3.384866562500001
